Model,MSE,MAE,R2
Linear Regression,0.00025989717767759457,0.010645351198638015,0.00025589048271346115
