Model,Accuracy,Precision,Recall,AUC
Random Forest,0.5034694951621392,0.5258981167780729,0.53246392039309,0.5030026597705408
