Model,Accuracy,Precision,Recall,AUC
Logistic Regression,0.523800655843893,0.524581428844985,0.9735776754535059,0.5113961851075302
