Model,Accuracy,Precision,Recall,AUC
Decision Tree,0.5241569167240193,0.5302701877575943,0.805139219382552,0.5202385068469526
